Model / identifier,CPU,RAM,SSD or HDD,Hard drive size,Confidence,Asset type,DadLAN fleet ID,GPU,Inventory grouping,Evidence date,Evidence / next verification,Source files
HP ProBook x360 435 G8,AMD Ryzen 5 5600U,16 GB,NVMe SSD,256 GB KIOXIA KBG40ZNV256G,Benchmark-confirmed Aug 2026,Laptop,Laptop #01,AMD Radeon Vega 7,Enrolled DadLAN Windows fleet,2026-09,Model and SSD tied to machine; live state not rechecked in October,src/lib/machines.ts; docs/SSD-EVIDENCE-2026-09-25.md
Lenovo ThinkPad L480,Intel Core i3-7130U,8 GB,SATA SSD,250 GB Samsung 870 EVO,Benchmark-confirmed Aug 2026,Laptop,Laptop #02,Intel HD Graphics 620,Enrolled DadLAN Windows fleet,2026-09,CPU older than usual for L480 but documented for this device; no assumed upgrade,src/lib/machines.ts; docs/SSD-EVIDENCE-2026-09-25.md
Toshiba Satellite L850D,AMD A10-4600M,8 GB,SATA SSD (installed after restore),About 120 GB; model unknown,Macrium restore documented Sep 2026,Laptop,Laptop #03,AMD Radeon HD 7660G,Enrolled DadLAN Windows fleet,2026-09,Earlier 1 TB HDD record superseded by documented September SSD restore,src/lib/machines.ts; docs/SSD-EVIDENCE-2026-09-25.md
HP ProBook 4230s,Intel Core i3-2330M,8 GB,SATA SSD; current presence recheck,250 GB Samsung 860 EVO (Aug benchmark),Benchmark-confirmed Aug 2026; later location ambiguous,Laptop,Laptop #04,Intel HD Graphics 3000,Enrolled DadLAN Windows fleet,2026-09,Same SSD model later photographed loose; current location not proven,src/lib/machines.ts; docs/SSD-EVIDENCE-2026-09-25.md
Toshiba Tecra P11,Intel Core i7-620M,8 GB,SATA SSD,256 GB Toshiba THNSNC256GBS family,Benchmark-confirmed Aug 2026,Laptop,Laptop #05,NVIDIA NVS 2100M,Enrolled DadLAN Windows fleet,2026-09,RAM upgrade recorded in September historical transcript,src/lib/machines.ts; docs/SSD-EVIDENCE-2026-09-25.md
Toshiba Satellite L630,Intel Pentium P6100,8 GB,SATA SSD,240 GB MSI SPATIUM S270,Benchmark-confirmed Aug 2026,Laptop,Laptop #06,First-generation Intel HD,Enrolled DadLAN Windows fleet,2026-09,SSD identity linked by benchmarks,src/lib/machines.ts; docs/SSD-EVIDENCE-2026-09-25.md
ASUS X553MA / F553M,Intel Pentium N3540,8 GB,SSD (later Sep inventory),Unknown,Sep 2026 discussion; model/capacity not directly confirmed,Laptop,Laptop #07,Intel HD Graphics (Bay Trail),Enrolled DadLAN Windows fleet,2026-09,Earlier 500 GB HDD superseded by later SSD-equipped report; exact drive not verified,src/lib/machines.ts; docs/SSD-EVIDENCE-2026-09-25.md
Toshiba Satellite C50D-A,AMD E1-2100,8 GB,SSD (later Sep inventory),Unknown,Sep 2026 discussion; model/capacity not directly confirmed,Laptop,Laptop #08,AMD Radeon HD 8210,Enrolled DadLAN Windows fleet,2026-09,Earlier 750 GB HDD superseded by later SSD-equipped report; processor remains very slow,src/lib/machines.ts; docs/SSD-EVIDENCE-2026-09-25.md
Compaq Presario CQ56,Intel Celeron T3500,4 GB,SATA SSD (installed after clone),About 120–128 GB; model unknown,Macrium clone documented Sep 2026,Laptop,Laptop #09,Intel GMA-era graphics; exact GPU unverified,Enrolled DadLAN Windows fleet,2026-09,Original 500 GB HDD replaced with SSD; model unknown,src/lib/machines.ts; docs/SSD-EVIDENCE-2026-09-25.md
Compaq 610,Intel Core 2 Duo T5870,4 GB,HDD,120 GB (historical record),Historical Sep 2026 inventory,Laptop,Laptop #10,Intel GMA X3100,Enrolled DadLAN Windows fleet,2026-09,Capacity from September inventory; no verified SSD upgrade,src/lib/machines.ts; docs/FLEET-HARDWARE-RAM-UPGRADES-CHAT-2026-09-24-25.md
HP ProBook 11 EE G2,Intel Core i3-6100U,8 GB,SATA SSD,128 GB Samsung MZNTY128HDHP-000H1,HWiNFO and diagnostics-confirmed Sep 2026,Laptop,Laptop #11,Intel HD Graphics 520,Enrolled DadLAN Windows fleet,2026-09,Earlier 4 GB assertion corrected by physical check; SMART/short DST passed,src/lib/machines.ts; docs/SSD-EVIDENCE-2026-09-25.md
Toshiba Satellite L50-A – PSKLEA-00M001,Intel Core i5-3337U,4 GB SK hynix DDR3L-1600,Replacement HDD (Sept boot test),Unknown; factory 750 GB does not establish installed capacity,RAM and boot verified Sep 2026,Laptop,,NVIDIA GeForce GT 740M (historically reported),Broader fleet / repair inventory,2026-09,Proposed 8 GB second module and SSD must NOT be recorded as installed,docs/HARDWARE-TRIAGE-L50A-T61-CHAT-2026-09-19-25.md; docs/FLEET-HARDWARE-RAM-UPGRADES-CHAT-2026-09-24-25.md
MacBook Air – Early 2015,Intel Core i5-5250U,8 GB,PCIe SSD / Apple flash,Unknown,Historical Sep 2026 inventory,Laptop,,Intel HD Graphics 6000,Broader September inventory,2026-09,Current SSD capacity not documented in reconciled sources,docs/FLEET-HARDWARE-RAM-UPGRADES-CHAT-2026-09-24-25.md
HP 15-db0034AU,AMD A6-9225,Unknown; older records suggest 4 GB,HDD (reported),Unknown,Partial Sep 2026 record,Laptop,,AMD Radeon R4 class,Broader September inventory,2026-09,Screen/HDMI fault recorded; verify RAM and internal HDD before upgrades,docs/FLEET-HARDWARE-RAM-UPGRADES-CHAT-2026-09-24-25.md
Lenovo ThinkPad T61 – Type 6457-BP2,Intel Core 2 Duo T7500,4 GB,HDD (Sep account),Unknown,BIOS CPU and RAM confirmed Sep 2026,Laptop,,GPU unknown (Intel/NVIDIA variant unresolved),Broader fleet / repair inventory,2026-09,BIOS stable at testing; later OS/drive state not verified here,docs/HARDWARE-TRIAGE-L50A-T61-CHAT-2026-09-19-25.md
Acer Aspire 3 – N20C5 (Unit 1),Unknown,Unknown,Unknown,Unknown,Chassis/model observed Aug 2026 only,Laptop,,Unknown,August photographed refurbishment inventory,2026-08,Distinct first photographed N20C5; verify full model/serial/CPU/RAM/drive,docs/LAPTOP-INVENTORY-CONVERSATION-2026-08-03.md
ASUS A541U,Intel Core i5 (exact model unknown),Unknown,Unknown (SSD or HDD),Unknown,Partial photographed model/CPU family Aug 2026,Laptop,,Unknown,August photographed refurbishment inventory,2026-08,Do not conflate with separate ASUS X553MA/F553M,docs/LAPTOP-INVENTORY-CONVERSATION-2026-08-03.md
Acer Aspire 3 – N20C5 (NB_DAIMLER_TECH-03),Intel Pentium Silver (exact model unknown),Unknown,Unknown,Unknown,Partial photographed label Aug 2026,Laptop,,Unknown,August photographed refurbishment inventory,2026-08,Second Acer N20C5 with distinct asset label; identity apart from Unit 1 retained,docs/LAPTOP-INVENTORY-CONVERSATION-2026-08-03.md
HP ProBook 450 G5 – NB-PARTS-10 / HSN-Q07C / 2WL75PA#ABG,Intel Core i5-8250U,8 GB (1 x Samsung M471A1K43BB1-CRC DDR4-2400 SODIMM),Intel NVMe SSD,256 GB Intel SSDPEKKF256G7H,System Information and battery report 9 Oct 2026,Laptop,,Intel UHD Graphics 620,August photographed refurbishment inventory,2026-10-09,Intel NVMe SSD identified; battery 40972/47994 mWh (85.4% capacity) and 107 cycles; audio output restored (user-reported); battery runtime and detailed SSD errors unverified; NVMe Windows Healthy/OK wear 0; 66 C during BitLocker decryption then 62 C / 56 C / 30 C on later checks; 75 C historical max reported; BitLocker C: fully decrypted 0.0% and no protectors; present-only device error list empty (reconfirmed 9 Oct 12:15); HP camera / Intel Bluetooth / Conexant internal mic and speakers / Synaptics ClickPad / USB hub enumerated OK; user confirmed browser webcam live preview PASS (video recording untested) and internal microphone input meter responds when speaking (basic live input PASS; recording quality untested); other physical peripheral functions largely untested; Datto RMM user-uninstalled and follow-up service query returned no Datto or VNC matches; earlier errors historical; leftover tasks/files not checked; charging stability unverified; Windows LicenseStatus 1 activated; 2 RAM slots with 1 x 8 GB installed; second slot apparently vacant; possible add 8 GB DDR4-2400 SO-DIMM to reach 16 GB (not yet installed); fleet number unassigned,docs/HP-PROBOOK-450-G5-2026-10-09.md
ASUS Vivobook Go 15 – E510KA-EH230W,Intel Pentium Silver N6000 (inventory identification),Unknown,Unknown (SSD/eMMC possible),Unknown,Partial Aug 2026 identification,Laptop,,Intel integrated graphics (exact version unverified),August photographed refurbishment inventory,2026-08,Family supports multiple configs; installed hardware not proven,docs/LAPTOP-INVENTORY-CONVERSATION-2026-08-03.md
JParrisDesktop,Intel Core i5-9400,16 GB,SSD + HDD (reported),Approx. 256 GB SSD + 1 TB HDD; models unverified,DxDiag CPU/GPU; historical storage summary,Desktop / tower,JParrisDesktop,NVIDIA GeForce GTX 1660 6 GB,Enrolled DadLAN Windows fleet / LANCommander server,2026-09,Gaming/server PC; storage capacities need live confirmation,src/lib/machines.ts; docs/conversations/2026-09-09-dadlan-fleet-specs-upgrades-alien-swarm.md
Custom Crosshair V Formula-Z tower,AMD FX-6300,16 GB Corsair DDR3 (2 × 8 GB),SATA SSD + HDD,240 GB SanDisk SSD Plus SDSSDA240G + 1 TB Seagate ST1000DM003,Physical SSD label and CrystalDiskInfo Sep 2026,Desktop / tower,,XFX Radeon R9 290 4 GB,Broader September inventory,2026-09,"Separate gaming tower, not JParrisDesktop",docs/SSD-EVIDENCE-2026-09-25.md; docs/FLEET-HARDWARE-RAM-UPGRADES-CHAT-2026-09-24-25.md
Apple iMac Retina 5K 27-inch – 2017,Intel Core i5 3.4 GHz quad-core,8 GB DDR4,HDD (historically reported),1 TB (historical record),Historical Sep 2026 inventory,All-in-one desktop,,AMD Radeon Pro 570 4 GB,Broader September inventory,2026-09,External SSD boot was proposed only; no confirmed conversion,docs/FLEET-HARDWARE-RAM-UPGRADES-CHAT-2026-09-24-25.md
Lenovo ThinkCentre Edge 71z – Type 7567Y2M,Intel Core i5-2400S,8 GB,SSD (historical inventory),Unknown,Historical Sep 2026 inventory,All-in-one desktop,,Intel HD Graphics 2000 class,Broader September inventory,2026-09,NOT a tower; previous advice to install discrete GPU corrected,docs/FLEET-HARDWARE-RAM-UPGRADES-CHAT-2026-09-24-25.md
Apple iMac 24-inch – Early 2009,Intel Core 2 Duo 2.66 GHz,4 GB DDR3,HDD,Unknown,Historical Sep 2026 inventory,All-in-one desktop,,NVIDIA GeForce 9400M (reported),Broader September inventory,2026-09,GPU assignment discussed as standard configuration; not freshly hardware-scanned,docs/FLEET-HARDWARE-RAM-UPGRADES-CHAT-2026-09-24-25.md
Lenovo C260 all-in-one #1,Intel Celeron J1800,4 GB,HDD,Unknown; one photographed C260 is 500 GB,Historical two-unit inventory; 10160 identification unmatched,All-in-one desktop,,Intel integrated graphics,Broader September inventory,2026-09,One of two C260s MAY be photographed type 10160; which one unresolved; do not count a third by default,docs/FLEET-HARDWARE-RAM-UPGRADES-CHAT-2026-09-24-25.md; docs/LAPTOP-INVENTORY-CONVERSATION-2026-08-03.md
Lenovo C260 all-in-one #2,Intel Celeron J1800,4 GB,HDD,Unknown; one photographed C260 is 500 GB,Historical two-unit inventory; 10160 identification unmatched,All-in-one desktop,,Intel integrated graphics,Broader September inventory,2026-09,One of two C260s MAY be photographed type 10160; which one unresolved; do not count a third by default,docs/FLEET-HARDWARE-RAM-UPGRADES-CHAT-2026-09-24-25.md; docs/LAPTOP-INVENTORY-CONVERSATION-2026-08-03.md
